gene_id,gene_symbol,ctrl_rep1,ctrl_rep2,treat_rep1,treat_rep2
ENSG00000141510,TP53,245.5,238.1,892.4,910.2
ENSG00000012048,BRCA1,512.0,498.4,142.3,139.8
ENSG00000136997,MYC,1280.2,1305.8,3210.4,3180.0
ENSG00000105329,TGFB1,310.4,295.1,120.5,124.2
ENSG00000171862,PTEN,640.8,632.0,628.4,635.1
ENSG00000148400,NOTCH1,180.2,192.4,750.3,732.0
ENSG00000139618,BRCA2,410.1,422.3,110.0,105.8
ENSG00000146648,EGFR,890.3,912.0,1850.5,1890.1
ENSG00000165731,RET,95.2,102.1,410.3,398.7
ENSG00000157764,BRAF,320.1,315.0,810.5,795.3
