gene_id,gene_symbol,ctrl_rep1,ctrl_rep2,treat_rep1,treat_rep2,ctrl_mean,treat_mean,log2_fc
ENSG00000141510,TP53,245.5,238.1,892.4,910.2,241.8,901.3,1.898193102448141
ENSG00000012048,BRCA1,512.0,498.4,142.3,139.8,505.2,141.05,-1.8406478994763662
ENSG00000136997,MYC,1280.2,1305.8,3210.4,3180.0,1293.0,3195.2,1.3051839561038165
ENSG00000105329,TGFB1,310.4,295.1,120.5,124.2,302.75,122.35,-1.3071127882399107
ENSG00000171862,PTEN,640.8,632.0,628.4,635.1,636.4,631.75,-0.010580076332050336
ENSG00000148400,NOTCH1,180.2,192.4,750.3,732.0,186.3,741.15,1.9921378242533123
ENSG00000139618,BRCA2,410.1,422.3,110.0,105.8,416.20000000000005,107.9,-1.947582001204151
ENSG00000146648,EGFR,890.3,912.0,1850.5,1890.1,901.15,1870.3,1.0534305181910728
ENSG00000165731,RET,95.2,102.1,410.3,398.7,98.65,404.5,2.035748636016125
ENSG00000157764,BRAF,320.1,315.0,810.5,795.3,317.55,802.9,1.3382365158811769
